filename,title,date,section
Rothys_v_Giesswein_2020_EWHC_3391_IPEC_16_December_2020_.pdf,jhkasdfjhkasdfh asdfhasdkjfhasdflkjh sadfhkehkhewjnaewf hjklafhkjeajnene laeeafefkjhaef nanaefnefna Rothys v Giesswein[2020] EWHC 3391 (IPEC) (16 December 2020),2020-12-16,0
Warren_v_Lidl_2021_EWHC_1097_Ch_30_April_2021_.pdf,Warren v Lidl [2021] EWHC 1097 (Ch) (30 April 2021),2021-04-30,0
Warren_v_Lidl_2021_EWHC_2372_Ch_26_August_2021_.pdf,Warren v Lidl [2021] EWHC 2372 (Ch) (26 August 2021),2021-08-26,0
Lidl_v_Tesco_2023_EWHC_873_Ch_19_April_2023_.pdf,Lidl v Tesco [2023] EWHC 873 (Ch) (19 April 2023),2023-04-19,0
Lidl_v_Tesco_2024_EWCA_Civ_262_19_March_2024_.pdf,Lidl v Tesco [2024] EWCA Civ 262(19 March 2024),2024-03-19,0
Praesidad_v_Zaun_2024_EWHC_1549_Pat_13_June_2024_.pdf,Praesidad v Zaun [2024] EWHC 1549 (Pat)(13 June 2024),2024-06-13,0
COPA_v_Wright_2024_EWHC_1809_Ch_16_July_2024_.pdf,COPA v Wright [2024] EWHC 1809 (Ch) (16 July 2024),2024-07-16,0
Wise_v_WithWise_2024_EWHC_3448_IPEC_13_December_2024_.pdf,Wise v WithWise [2024] EWHC 3448 (IPEC)(13 December 2024),2024-12-13,0
COPA_v_Wright_2024_EWHC_3315_Ch_19_December_2024_.pdf,COPA v Wright [2024] EWHC 3315 (Ch) (19 December 2024),2024-12-19,0
filename,title,date,section
Rothys_v_Giesswein_2020_EWHC_3391_IPEC_16_December_2020_.pdf,jhkasdfjhkasdfh asdfhasdkjfhasdflkjh sadfhkehkhewjnaewf hjklafhkjeajnene laeeafefkjhaef nanaefnefna Rothys v Giesswein[2020] EWHC 3391 (IPEC) (16 December 2020),2020-12-16,0
Warren_v_Lidl_2021_EWHC_1097_Ch_30_April_2021_.pdf,Warren v Lidl [2021] EWHC 1097 (Ch) (30 April 2021),2021-04-30,0
Warren_v_Lidl_2021_EWHC_2372_Ch_26_August_2021_.pdf,Warren v Lidl [2021] EWHC 2372 (Ch) (26 August 2021),2021-08-26,0
Lidl_v_Tesco_2023_EWHC_873_Ch_19_April_2023_.pdf,Lidl v Tesco [2023] EWHC 873 (Ch) (19 April 2023),2023-04-19,0
Lidl_v_Tesco_2024_EWCA_Civ_262_19_March_2024_.pdf,Lidl v Tesco [2024] EWCA Civ 262(19 March 2024),2024-03-19,0
Praesidad_v_Zaun_2024_EWHC_1549_Pat_13_June_2024_.pdf,Praesidad v Zaun [2024] EWHC 1549 (Pat)(13 June 2024),2024-06-13,0
COPA_v_Wright_2024_EWHC_1809_Ch_16_July_2024_.pdf,COPA v Wright [2024] EWHC 1809 (Ch) (16 July 2024),2024-07-16,0
Wise_v_WithWise_2024_EWHC_3448_IPEC_13_December_2024_.pdf,Wise v WithWise [2024] EWHC 3448 (IPEC)(13 December 2024),2024-12-13,0
COPA_v_Wright_2024_EWHC_3315_Ch_19_December_2024_.pdf,COPA v Wright [2024] EWHC 3315 (Ch) (19 December 2024),2024-12-19,0
filename,title,date,section
Rothys_v_Giesswein_2020_EWHC_3391_IPEC_16_December_2020_.pdf,jhkasdfjhkasdfh asdfhasdkjfhasdflkjh sadfhkehkhewjnaewf hjklafhkjeajnene laeeafefkjhaef nanaefnefna Rothys v Giesswein[2020] EWHC 3391 (IPEC) (16 December 2020),2020-12-16,0
Warren_v_Lidl_2021_EWHC_1097_Ch_30_April_2021_.pdf,Warren v Lidl [2021] EWHC 1097 (Ch) (30 April 2021),2021-04-30,0
Warren_v_Lidl_2021_EWHC_2372_Ch_26_August_2021_.pdf,Warren v Lidl [2021] EWHC 2372 (Ch) (26 August 2021),2021-08-26,0
Lidl_v_Tesco_2023_EWHC_873_Ch_19_April_2023_.pdf,Lidl v Tesco [2023] EWHC 873 (Ch) (19 April 2023),2023-04-19,0
Lidl_v_Tesco_2024_EWCA_Civ_262_19_March_2024_.pdf,Lidl v Tesco [2024] EWCA Civ 262(19 March 2024),2024-03-19,0
Praesidad_v_Zaun_2024_EWHC_1549_Pat_13_June_2024_.pdf,Praesidad v Zaun [2024] EWHC 1549 (Pat)(13 June 2024),2024-06-13,0
COPA_v_Wright_2024_EWHC_1809_Ch_16_July_2024_.pdf,COPA v Wright [2024] EWHC 1809 (Ch) (16 July 2024),2024-07-16,0
Wise_v_WithWise_2024_EWHC_3448_IPEC_13_December_2024_.pdf,Wise v WithWise [2024] EWHC 3448 (IPEC)(13 December 2024),2024-12-13,0
COPA_v_Wright_2024_EWHC_3315_Ch_19_December_2024_.pdf,COPA v Wright [2024] EWHC 3315 (Ch) (19 December 2024),2024-12-19,0
filename,title,date,section
Rothys_v_Giesswein_2020_EWHC_3391_IPEC_16_December_2020_.pdf,jhkasdfjhkasdfh asdfhasdkjfhasdflkjh sadfhkehkhewjnaewf hjklafhkjeajnene laeeafefkjhaef nanaefnefna Rothys v Giesswein[2020] EWHC 3391 (IPEC) (16 December 2020),2020-12-16,0
Warren_v_Lidl_2021_EWHC_1097_Ch_30_April_2021_.pdf,Warren v Lidl [2021] EWHC 1097 (Ch) (30 April 2021),2021-04-30,0
Warren_v_Lidl_2021_EWHC_2372_Ch_26_August_2021_.pdf,Warren v Lidl [2021] EWHC 2372 (Ch) (26 August 2021),2021-08-26,0
Lidl_v_Tesco_2023_EWHC_873_Ch_19_April_2023_.pdf,Lidl v Tesco [2023] EWHC 873 (Ch) (19 April 2023),2023-04-19,0
Lidl_v_Tesco_2024_EWCA_Civ_262_19_March_2024_.pdf,Lidl v Tesco [2024] EWCA Civ 262(19 March 2024),2024-03-19,0
Praesidad_v_Zaun_2024_EWHC_1549_Pat_13_June_2024_.pdf,Praesidad v Zaun [2024] EWHC 1549 (Pat)(13 June 2024),2024-06-13,0
COPA_v_Wright_2024_EWHC_1809_Ch_16_July_2024_.pdf,COPA v Wright [2024] EWHC 1809 (Ch) (16 July 2024),2024-07-16,0
Wise_v_WithWise_2024_EWHC_3448_IPEC_13_December_2024_.pdf,Wise v WithWise [2024] EWHC 3448 (IPEC)(13 December 2024),2024-12-13,0
COPA_v_Wright_2024_EWHC_3315_Ch_19_December_2024_.pdf,COPA v Wright [2024] EWHC 3315 (Ch) (19 December 2024),2024-12-19,0
filename,title,date,section
Rothys_v_Giesswein_2020_EWHC_3391_IPEC_16_December_2020_.pdf,jhkasdfjhkasdfh asdfhasdkjfhasdflkjh sadfhkehkhewjnaewf hjklafhkjeajnene laeeafefkjhaef nanaefnefna Rothys v Giesswein[2020] EWHC 3391 (IPEC) (16 December 2020),2020-12-16,0
Warren_v_Lidl_2021_EWHC_1097_Ch_30_April_2021_.pdf,Warren v Lidl [2021] EWHC 1097 (Ch) (30 April 2021),2021-04-30,0
Warren_v_Lidl_2021_EWHC_2372_Ch_26_August_2021_.pdf,Warren v Lidl [2021] EWHC 2372 (Ch) (26 August 2021),2021-08-26,0
Lidl_v_Tesco_2023_EWHC_873_Ch_19_April_2023_.pdf,Lidl v Tesco [2023] EWHC 873 (Ch) (19 April 2023),2023-04-19,0
Lidl_v_Tesco_2024_EWCA_Civ_262_19_March_2024_.pdf,Lidl v Tesco [2024] EWCA Civ 262(19 March 2024),2024-03-19,0
Praesidad_v_Zaun_2024_EWHC_1549_Pat_13_June_2024_.pdf,Praesidad v Zaun [2024] EWHC 1549 (Pat)(13 June 2024),2024-06-13,0
COPA_v_Wright_2024_EWHC_1809_Ch_16_July_2024_.pdf,COPA v Wright [2024] EWHC 1809 (Ch) (16 July 2024),2024-07-16,0
Wise_v_WithWise_2024_EWHC_3448_IPEC_13_December_2024_.pdf,Wise v WithWise [2024] EWHC 3448 (IPEC)(13 December 2024),2024-12-13,0
COPA_v_Wright_2024_EWHC_3315_Ch_19_December_2024_.pdf,COPA v Wright [2024] EWHC 3315 (Ch) (19 December 2024),2024-12-19,0
filename,title,date,section
Rothys_v_Giesswein_2020_EWHC_3391_IPEC_16_December_2020_.pdf,jhkasdfjhkasdfh asdfhasdkjfhasdflkjh sadfhkehkhewjnaewf hjklafhkjeajnene laeeafefkjhaef nanaefnefna Rothys v Giesswein[2020] EWHC 3391 (IPEC) (16 December 2020),2020-12-16,0
Warren_v_Lidl_2021_EWHC_1097_Ch_30_April_2021_.pdf,Warren v Lidl [2021] EWHC 1097 (Ch) (30 April 2021),2021-04-30,0
Warren_v_Lidl_2021_EWHC_2372_Ch_26_August_2021_.pdf,Warren v Lidl [2021] EWHC 2372 (Ch) (26 August 2021),2021-08-26,0
Lidl_v_Tesco_2023_EWHC_873_Ch_19_April_2023_.pdf,Lidl v Tesco [2023] EWHC 873 (Ch) (19 April 2023),2023-04-19,0
Lidl_v_Tesco_2024_EWCA_Civ_262_19_March_2024_.pdf,Lidl v Tesco [2024] EWCA Civ 262(19 March 2024),2024-03-19,0
Praesidad_v_Zaun_2024_EWHC_1549_Pat_13_June_2024_.pdf,Praesidad v Zaun [2024] EWHC 1549 (Pat)(13 June 2024),2024-06-13,0
COPA_v_Wright_2024_EWHC_1809_Ch_16_July_2024_.pdf,COPA v Wright [2024] EWHC 1809 (Ch) (16 July 2024),2024-07-16,0
Wise_v_WithWise_2024_EWHC_3448_IPEC_13_December_2024_.pdf,Wise v WithWise [2024] EWHC 3448 (IPEC)(13 December 2024),2024-12-13,0
COPA_v_Wright_2024_EWHC_3315_Ch_19_December_2024_.pdf,COPA v Wright [2024] EWHC 3315 (Ch) (19 December 2024),2024-12-19,0
